Metric,Value
Return %,27.87130986173573
Buy & Hold Return %,94.16599382789849
Sharpe Ratio,0.37038331082367804
Max Drawdown %,-28.79794752371937
Win Rate %,20.0
Number of Trades,10.0
